Team Name,Win Percentage
Yorkshire,71.42857142857143
Padania,68.18181818181817
Biafra,66.66666666666666
