"99% CVaR for T","99% CVaR for KDE"
0.27162015871420747,0.2395800993943245