Category,Average Units Sold
Children Bicycles,3.4253599845749996
Comfort Bicycles,3.887768089758334
Cruisers Bicycles,4.115707921033333
Cyclocross Bicycles,5.456994047616667
Electric Bikes,4.459722222216667
Mountain Bikes,3.936682895241667
Road Bikes,2.478751294133333
