Bootstrap Mean Reduction,95% CI Lower,95% CI Upper
0.07499993262889429,0.0524895581661145,0.09639204756865918
