user_id,avg_charging_duration
Share-9,16.845833335
Share-17,12.894555551100002
Share-25,12.214474746563637
Share-18,12.088807189764706
Share-8,11.550430839183674
AdO3-1,10.36938697286207
