id,answer
229ee8,32.0 + 9.0*(0.333333333333333*k - (k**2)**0.5)**2/k**2 + 9.0*(0.333333333333333*k + (k**2)**0.5)**2/k**2
