name,heritability,conf
G. scandens,0.5485340868685982,"[0.34395487, 0.75638267]"
G. fortis,0.7229051911438156,"[0.64655013, 0.79688342]"
