Period,Correlation
Pre-Crisis,-0.6002699068594568
Post-Crisis,-0.7071963925082029
