year,mean_ratio,conf_int_low,conf_int_high
1975,1.2461609991094327,1.223286631492276,1.270632560092369
2012,1.3483617710027853,1.324126533196769,1.372601814703909
