Citibank,"Morgan Stanley","Goldman Sachs","J.P. Morgan"
6.46967e-11,5.7798e-12,0.6693243605327963,0.3306756393967274