version,retention_1
gate_30,0.4481879194630872
gate_40,0.44228274967574577
