average daily purchases,paywall views
3181.8181818181815,91731.86409550045
