benchmark_exp_return,benchmark_sharpe_ratio
0.0009366970530650012,0.7221868020795013