Expected Annual Return,Sharpe Ratio
0.19985159676562914,9.70639019049243
