,Citibank,Morgan Stanley,Goldman Sachs,J.P. Morgan
Citibank,0.8411559841312063,0.3449385456326818,0.2526839863821829,0.35678843619536926
Morgan Stanley,0.3449385456326818,0.3888386267474016,0.23162418366733947,0.27972680425651675
Goldman Sachs,0.2526839863821829,0.23162418366733947,0.24453873979494192,0.22373961766299663
J.P. Morgan,0.35678843619536926,0.27972680425651675,0.22373961766299663,0.38249355886521724
