,Citibank,Morgan Stanley,Goldman Sachs,J.P. Morgan
Citibank,0.018148812406250096,0.013788664907452022,0.013182563221123853,0.013522545359692483
Morgan Stanley,0.013788664907452022,0.043020734938865546,0.030558736433943676,0.01652512796745669
Goldman Sachs,0.013182563221123853,0.030558736433943676,0.044481800182165514,0.018236703874510023
J.P. Morgan,0.013522545359692483,0.01652512796745669,0.018236703874510023,0.024181729062391792
