,Citibank,Morgan Stanley,Goldman Sachs,J.P. Morgan
Citibank,0.7130349205209168,0.46533551765015646,0.3239770832270576,0.3648479956303474
Morgan Stanley,0.46533551765015646,0.9943900296282431,0.4348740876689606,0.29861296181029423
Goldman Sachs,0.3239770832270576,0.4348740876689606,0.40877316690165694,0.22466813488530527
J.P. Morgan,0.3648479956303474,0.29861296181029423,0.22466813488530527,0.42251578440029763
