Geographical_Region,F_Value,P_Value
East,50.4975764792117,7.046450528767478e-08
North,45.722317645356284,1.4439335761931943e-07
South,15.29098339477534,0.000158692177978578
West,12.949717442117826,0.0003828048893388569