Z-statistic,p-value
2.3854622238608965,0.00852883707474276
