Region,F-Statistic,P-Value
North,45.722317645356284,1.4439335761931932e-07
South,15.290983394775349,0.00015869217797857745
East,50.49757647921157,7.046450528767613e-08
West,12.94971744211783,0.00038280488933885656
