Geographical_Region,F-Value,P-Value
North,45.722317645356284,1.4439335761931932e-07
South,15.29098339477534,0.00015869217797857807
East,50.4975764792117,7.046450528767474e-08
West,12.949717442117826,0.00038280488933885705
