Id,class_0,class_1
00eed32682bb,0.5451615190744956,0.45483848092550444
010ebe33f668,0.5451615190744956,0.45483848092550444
02fa521e1838,0.5451615190744956,0.45483848092550444
040e15f562a2,0.5451615190744956,0.45483848092550444
046e85c7cc7f,0.5451615190744956,0.45483848092550444
