Education,AverageCampaignAccepted
2n Cycle,2.6842105263157894
Basic,3.0
Graduation,2.7217391304347824
Master,3.1466666666666665
PhD,2.8771929824561404
