Annualized Volatility,Annualized Variance
0.3070304505826315,0.09426769758497373
