 ,PageRank,Betweenness,Degree
PageRank,1.0,0.7960707073181036,0.9795877468707895
Betweenness,0.7960707073181036,1.0,0.7523573589692122
Degree,0.9795877468707895,0.7523573589692122,1.0
