Time (s),Input Voltage (mV),Output Voltage (mV)
0,0.0,-0.0
1,0.7056000402993361,-7.0560004029933605
2,-1.3970774909946293,13.970774909946293
3,2.060592426208783,-20.605924262087832
4,-2.6828645900021746,26.828645900021748
5,3.251439200785584,-32.51439200785584
