diff,conf
0.22622047244094645,"[0.05633521, 0.39190544]"
