Number_of_Clusters,Inertia,Silhouette_Score
2,239415.45475086189,0.09302359730409361
3,232845.63600988296,0.10343469925645422
4,221767.22065868104,0.1155475844133126
5,216678.72736775054,0.12533919693007745
6,211297.16525479467,0.14137166743329693
7,208521.63899322005,0.11612392654887664
8,201507.65644196465,0.13676927384257334
9,197619.76797539156,0.1193583132622206
10,192883.6272456052,0.13376963093719307
