,Citibank,Morgan Stanley,Goldman Sachs,J.P. Morgan
Citibank,0.5275053533996688,0.28878150675929154,0.2063711826846359,0.25540085247652616
Morgan Stanley,0.28878150675929154,0.4856419673260023,0.24483676083054307,0.20667093011210114
Goldman Sachs,0.2063711826846359,0.24483676083054307,0.22595883443368808,0.16182319795352038
J.P. Morgan,0.25540085247652616,0.20667093011210114,0.16182319795352038,0.2701024735653433
