,Citibank,Morgan Stanley,Goldman Sachs,J.P. Morgan
Citibank,0.536214395616324,0.30504484227479284,0.2179934081602038,0.26978428651765746
Morgan Stanley,0.30504484227479284,0.49199338525718483,0.2586252559201359,0.21831003649198244
Goldman Sachs,0.2179934081602038,0.2586252559201359,0.2176856527312646,0.17093661034631286
J.P. Morgan,0.26978428651765746,0.21831003649198244,0.17093661034631286,0.2643153333762073
