VaR_99,CVaR_99
-0.6802800313920808,-0.02289128919690384
