Skewness,Fourth Moment
0.5789252886318362,7.954869801321932
0.8652370030276668,11.872419024018704
-0.020329996665391054,3.6701402170606197
0.28898521994673965,6.3666216423381226
0.0963376750782804,5.105921104523237
3.589997285207787,40.35426036992188
-1.6062862688030428,10.39575557411947
-0.4852606908078753,5.830659495438324
-0.2127370251594853,9.364267895559438
