{
    "Average matches won": [0.5921052631578947],
    "Average matches lost": [0.40789473684210525]
}