Optimal Radius (r),Optimal Height (h),Maximum Volume
2.30329432980890,4.60658865961781,76.7764776602968
