Weather_Condition,Total_Rentals,ANOVA_F,ANOVA_p
1,1476063,65.53024112793271,5.482069475935669e-42
2,507160,65.53024112793271,5.482069475935669e-42
3,102089,65.53024112793271,5.482069475935669e-42
4,164,65.53024112793271,5.482069475935669e-42
