Statistic,P-value
65.53024112793271,5.482069475935669e-42
