Statistic,Value
F-value,65.53024112793271
p-value,5.482069475935669e-42
