,Overall Rating,Seat Comfort,Staff Service,Food & Beverages
Overall Rating,1.0,0.21006442836664238,0.2293066816539843,0.15972407970746907
Seat Comfort,0.21006442836664238,1.0,0.16883778757441129,0.12933885914813928
Staff Service,0.2293066816539843,0.16883778757441129,1.0,0.14882944789489624
Food & Beverages,0.15972407970746907,0.12933885914813928,0.14882944789489624,1.0
