Year,mean ratio,conf
1975,1.5788823771858533,"[1.55668803, 1.60073509]"
2012,1.4658342276847767,"[1.44363932, 1.48729149]"
