third moment,fourth moment
0.2060747601441235,13.288139078616771
