mean_diff,95%_conf_int_low,95%_conf_int_high
0.22622047244094645,0.056335211331344094,0.39190544393157584
