Lower Bound,Upper Bound
0.011039999822042502,0.011040000177957487
