Z-score,P-value
0.0452182684494942,0.9639333330262475
