Amazon,Facebook
0.000360,0.000168