stock,sharpe_ratio
Amazon,0.3542826988926864
Facebook,0.17232916876811746
