version,retention_7
gate_30,0.19020134228187918
gate_40,0.18200004396667327
