sigma,"2*sigma"
12.129167513536352,16.24149623118327