{"Correlation between Population Density and Life Expectancy": [0.1511181717012949], "Correlation between Population Density and GDP": [0.015928539060090133]}