Mean,Standard Deviation,95% VaR,95% CVaR
-0.0003114949136155376,0.03300281691321411,-0.03978565501790448,-0.08520207123106131
