t_statistic,p_value,hypothesis_result
-19.078885755425084,1.2550753214652693e-78,reject
