Degree,Coefficient,Fitted_Normal_PDF
10,1.0,0.5982935848746901
9,0.0,0.24324801922748604
8,0.0,0.24324801922748604
7,1.0,0.5982935848746901
6,0.0,0.24324801922748604
5,1.0,0.5982935848746901
4,0.0,0.24324801922748604
3,1.0,0.5982935848746901
2,1.0,0.5982935848746901
1,1.0,0.5982935848746901
0,1.0,0.5982935848746901
