put_value,put_delta
10.455454588649197,-0.7758856083376828
