Distribution,VaR_99,CVaR_99
T,-0.10356832200399761,-0.002183227977093589
KDE,-0.0911384035495709,0.0010714835996884695
