stop_outcome,Female,Male
Arrest Driver,0.005752268950530487,0.015895292430667847
Arrest Passenger,0.0006391409945033875,0.0012813863379809013
Citation,0.9521922536111466,0.9445952954815877
N/D,0.0009587114917550812,0.0009762943527473533
No Action,0.0003834845967020325,0.0010678219483174177
Warning,0.04007414035536239,0.03618390944869878
