Unnamed: 0,Citibank,Morgan Stanley,Goldman Sachs,J.P. Morgan
Citibank,0.003435379418229115,0.0014546327804176229,0.0010655881006396235,0.0015046046941833916
Morgan Stanley,0.0014546327804176229,0.0015279218043067829,0.0009767772682000347,0.0011796297751724511
Goldman Sachs,0.0010655881006396235,0.0009767772682000347,0.0009193979138073813,0.0009435274377171963
J.P. Morgan,0.0015046046941833916,0.0011796297751724511,0.0009435274377171963,0.0015011641576121498
