Unnamed: 0,Citibank,Morgan Stanley,Goldman Sachs,J.P. Morgan
Citibank,7.120712248563993e-05,5.5747081153382795e-05,5.329663362117267e-05,5.4671169299332595e-05
Morgan Stanley,5.5747081153382795e-05,0.00017176341950008223,0.00012354788308817426,6.681050384899633e-05
Goldman Sachs,5.329663362117267e-05,0.00012354788308817426,0.00017767045424458538,7.373034428540506e-05
J.P. Morgan,5.4671169299332595e-05,6.681050384899633e-05,7.373034428540506e-05,9.559798967103111e-05
