Unnamed: 0,Citibank,Morgan Stanley,Goldman Sachs,J.P. Morgan
Citibank,0.0028801345059763085,0.0021174561891169497,0.0014742207589813444,0.0016601991834528376
Morgan Stanley,0.0021174561891169497,0.00416040883390087,0.001978844926927572,0.001358804217930168
Goldman Sachs,0.0014742207589813444,0.001978844926927572,0.0014956261053150892,0.0010223267183914076
J.P. Morgan,0.0016601991834528376,0.001358804217930168,0.0010223267183914076,0.0015581603185299098
