Amazon,Facebook
0.354283,0.172329