Time (seconds),Input Voltage (V),Output Voltage (V)
0,0,0
1,0.705600040299336,-7.05600040299336
2,-1.39707749099463,13.9707749099463
3,2.06059242620878,-20.6059242620878
4,-2.68286459000218,26.8286459000217
5,3.25143920078558,-32.5143920078558
