Intercept,Market_Excess,SMB,HML,Adjusted_R_squared
0.0001914025674752673,1.0155311922950925,-0.2621511591247629,-0.10867209271322298,0.8194687130934967
