 ,PageRank,Betweenness,Degree
PageRank,1.0,0.7933723094920072,0.9809211824274253
Betweenness,0.7933723094920072,1.0,0.7520202030920017
Degree,0.9809211824274253,0.7520202030920017,1.0
