 ,PageRank,Betweenness,Degree
PageRank,1.0,0.8226042336795979,0.9870142814972164
Betweenness,0.8226042336795979,1.0,0.8023549287305227
Degree,0.9870142814972164,0.8023549287305227,1.0
