species,heritability,conf_int_low,conf_int_high
G. fortis,0.7229051911438159,0.6487834464120671,0.7917021809759393
G. scandens,0.5485340868685982,0.3477952890278393,0.7563294911480735
