,Citibank,Morgan Stanley,Goldman Sachs,J.P. Morgan
Citibank,0.002093275211903448,0.0011459583601559184,0.0008189332646215711,0.0010134954463354212
Morgan Stanley,0.0011459583601559184,0.0019271506639920732,0.0009715744477402506,0.0008201227385400843
Goldman Sachs,0.0008189332646215711,0.0009715744477402506,0.0008966620414035242,0.0006421555474346044
J.P. Morgan,0.0010134954463354212,0.0008201227385400843,0.0006421555474346044,0.001071835212560886
