,Citibank,Morgan Stanley,Goldman Sachs,J.P. Morgan
Citibank,0.0021278349032393807,0.0012104954058523515,0.0008650532069849396,0.0010705725655462592
Morgan Stanley,0.0012104954058523515,0.0019523547034015288,0.0010262906980957765,0.000866309668618978
Goldman Sachs,0.0008650532069849396,0.0010262906980957765,0.0008638319552827966,0.0006783198823266387
J.P. Morgan,0.0010705725655462592,0.000866309668618978,0.0006783198823266387,0.0010488703705405058
