VaR_95,CVaR_95
0.053973308185700085,0.06776383821709393