 ,PageRank,Betweenness,Degree
PageRank,1.0,0.6568556048764881,0.9775380106386766
Betweenness,0.6568556048764881,1.0,0.6242190030363658
Degree,0.9775380106386766,0.6242190030363658,1.0
