Book,PageRank_Betweenness,PageRank_Degree,Betweenness_Degree
book1,0.8702098126382289,0.9921193565043482,0.8572222546190269
book2,0.7960707073181036,0.9795877468707895,0.7523573589692122
book3,0.8226042336795979,0.9870142814972164,0.8023549287305227
book4,0.6568556048764881,0.9775380106386766,0.6242190030363658
book5,0.7933723094920072,0.9809211824274253,0.7520202030920017
